50YNY0xy9uJ0U9eFQBdLJa,Life Is But a Dream…,11,2023-06-02
7pb9ZipjQRimTjYOZpZ8lk,Live in the LBC,13,2020-03-06
6VcCunBnnw4BVkCit5rk7d,Diamonds in the Rough,16,2020-02-07
0OJ2cB135AqvHEtfXifM5D,The Stage (Deluxe Edition),22,2017-12-22
0vINJeraREv5ySgWs57Dko,The Stage,11,2016-10-28
0Qm2vu5VZp2MKLb6yTxSgT,Hail to the King: Deathbat (Original Video Game Soundtrack),10,2015-01-27
6V3hjAUhRZU5aLeNNxTOUo,Waking The Fallen: Resurrected,23,2014-08-25
0ks45m1bsP2JsZpM5D2FFA,Hail to the King,10,2013-08-23
7vfuTRXIAYJz5Uc8SddnTr,Nightmare,11,2010-07-23
3Id3VUk9jSKBD1guNo1buF,Avenged Sevenfold,12,2007-10-26

7acEciVtnuTzmwKptkjth5,Fear Inoculum,10,2019-08-30
1fvWYcbjuycyHpzNPH1Vfk,10,000 Days,11,2006-04-28
5l5m1hnH4punS1GQXgEi3T,Lateralus,13,2001-05-15
6yWMN087PgSimbcVmHLEwG,Ænima,15,1996-09-17
3Esn6LoXuWtLZNYq8FCzr0,Undertow,10,1993-04-06
13sWe0tYKenwLd2t25bHIi,Opiate²,1,2022-03-01
6ZuGioRryrgXjmhdW14jel,Opiate,6,1992-03-10

5gizwaBQyfZYTEb8zdL7Z6,Untitled (Deluxe),15,2023-07-28
4fN6xfIrXPX8SMgcFU4A6h,Requiem Mass (Deluxe Edition),14,2023-02-03
7J0BUlxogdpZAtuZnhomb0,Requiem,9,2022-02-04
6mWsWVsfWpoZ2d6uxm1ND1,The Nothing,13,2019-09-13
0UGqqYIWXAD1FgrDI1zOjh,The Serenity of Suffering,11,2016-10-21
29QP2RwZwRY9mAYWmYcH3T,The Paradigm Shift (World Tour Edition),20,2014-07-15
6TA5d51wosfWuZXyOKWzpG,The Paradigm Shift (Deluxe),13,2013-10-08
3ARqpnmjMB5O8uihXOOxbW,The Path of Totality (Special Edition),13,2011-11-30
4a6B5VTaWSw0xRQsEtNX39,The Path of Totality,11,2011-11-21
2WuADVcxasM1VvDfnwiACn,Korn III: Remember Who You Are (Special Edition),14,2010-07-09

3hWTXO0w02D6YpVRyLRmQz,The End, So Far,12,2022-09-30
754RY5WpZ2LTUZsk8kDBju,We Are Not Your Kind,14,2019-08-09
09pLzub9F2asXde8dH2UDN,Day Of The Gusano (Live),17,2017-10-20
0ApKaazNHf0gzjAYZauexq,.5: The Gray Chapter (Special Edition),16,2014-10-15
2dL9Q5AtIv4Rw1L6lKcIUc,Slipknot (10th Anniversary Edition),25,2009-09-09
0hFWapnP7orzXCMwNU5DuA,All Hope Is Gone,15,2008-08-22
2ISXjEm0D4chvU2IDNvUqk,All Hope Is Gone (10th Anniversary),28,2008-08-20
2rdXvZY0IkT1TPuA8SKTix,9.0 Live,24,2005-11-01
4ZDBQSIDIZRUBOG2OHcN3T,Vol. 3: The Subliminal Verses,22,2004-00-00
5Zs0mNCTs73CqPKbZPWFX9,Iowa,33,2001-00-00

4R6FV9NSzhPihHR0h4pI93,From Zero,11,2024-11-15
7qKEQkRXySP0rhjtXJksfg,From Zero: A Cappellas + Instrumentals,21,2024-11-14
1x6p39FFIESOq8q8B4oQXN,From Zero: A Cappellas,11,2024-11-14
494aUGKXMH5ruXtR3O1a3H,Papercuts: Instrumentals,20,2024-06-28
1X472EvsSqH09RyrqbtyXU,Papercuts,20,2024-04-12
3Q9wXhEAX7NYCPP0hxIuDz,Meteora 20th Anniversary Edition,89,2023-04-07
28DUZ0itKISf2sr6hlseMy,Hybrid Theory (20th Anniversary Edition),80,2020-10-09
0zcNtUZ2oEpRmiDuWBFvcX,One More Light Live,16,2017-12-15
5Eevxp2BCbWq25ZdiXRwYd,One More Light,10,2017-05-19
6hU9JCoqq4GjYq86dQ1o9b,The Hunting Party: Acapellas + Instrumentals,22,2014-06-09

3QxX3NbWyLlLG6lP1xveL3,Hypnotize,12,2005-11-22
0cn6MHyx4YuZauaB7Pb66o,Mezmerize,11,2005-05-17
6lA1sGw7eCv27bcpd5E0wT,Steal This Album!,16,2002-11-26
6jWde94ln40epKIQCd8XUh,Toxicity,15,2001-09-04
3sSfjX4fhZonjyZ10x0l0f,System Of A Down,17,1998-00-00
00OQIrRjQgZmacSnjK8L7M,Protect The Land / Genocidal Humanoidz,2,2020-11-06
0g7rLswEejduKye2DF7EfI,Hypnotize,1,2005-10-11
34ZNizx7MgcKWtlj8FTbJO,B.Y.O.B. single (with bonus),2,2005-05-03
4dE7p4ZMRkx3yOjDWILwl8,B.Y.O.B.,1,2005-03-29
5PIDHpTCc6iT5WM2JZzFKu,Loud Rocks,13,2000-09-05

1EozAc4lNqwMvlAhEEXk6w,The Surface Seems So Far,11,2024-09-20
3NOgXaB6tvmz3fMvicppdK,Seether Workout,16,2023-09-29
4ltVQJH0zbxhFYnwx56qIh,Disclaimer (Deluxe Edition),26,2022-12-16
61fYGxrlD51FLZGWSlX68q,Si Vis Pacem, Para Bellum (Deluxe Edition),22,2022-07-01
3v3EelZGtSQU2nw6kw8aNk,Vicennial: 2 Decades of Seether,20,2021-10-15
1PZeA9jMCysl7hPkVRehZ2,Curiosities, Rarities And Pariahs,12,2021-10-14
13lnqlgmaRHQF54C9iiOWO,Si Vis Pacem, Para Bellum,13,2020-08-28
2CbMgWfTfT4n80PjrDkbbt,Poison The Parish (Deluxe Edition),15,2017-05-12
4tCocFTR2QupxCkk9EMY58,Poison The Parish,12,2017-05-12
06GBUPJJk11dHKJ33jWmCc,Isolate And Medicate (Deluxe Edition),14,2014-01-01

50nlMmLmdig3A8Otqja9re,NORTHEAST CORRIDOR: STEELY DAN LIVE (Live),12,2021-09-24
1BSVyUNntttBSCsp6ABMy7,Marian McPartland's Piano Jazz Radio Broadcast With Steely Dan,16,2005-03-15
1IZfi926sBgCgvIwIS2rcS,Everything Must Go,9,2003-06-09
2MJc2N3eFVT0ZabBN4zc32,Two Against Nature,9,2000-02-29
66rBZ848b4aO0hCJQF6GGc,Alive In America,11,1995-10-13
6FRN2BwvClQEMsG2I4Cofb,Gaucho,7,1980-11-21
1hOK2ey9W76x9GnftSRgrw,Aja,7,1977-09-23
1Sur33x6g7tvdd9GQnHhhu,The Royal Scam,9,1976-01-01
12N6IsuqIJzbTXdIrJnc9b,Katy Lied,10,1975-01-01
4XfN871nBIz6obaUDEzZXm,Pretzel Logic,11,1974-02-20

0NAzQ4QXcT7UaNbD3HyK9J,Before The Dawn (Live),29,2016-12-02
6c9t945C47iVugLeWj0bmJ,50 Words for Snow (2018 Remaster),7,2011-11-21
2hEABkLV0GYiOwMOMThxzO,Director's Cut (2018 Remaster),11,2011-05-16
6EK8l8rFuMpAn27TNOCwsH,Aerial (2018 Remaster),16,2005-11-07
27TbJTUMdvnorsqXZzVQP6,The Red Shoes (2018 Remaster),12,1993-11-02
5EyDvOit9McsAc9ao1QROt,The Sensual World (2018 Remaster),10,1989-10-16
1ww8GdNvrF0dgJbrnVZmAr,Hounds of Love (2018 Remaster),12,1985-09-16
2cRwYvvGigsHqk63ZGfuI2,The Dreaming (2018 Remaster),10,1982-09-13
7uNjeNs5AmDqZHzIbyPkZH,Never for Ever (2018 Remaster),11,1980-09-07
02b8Jb4tkLxVtPWh0QfQKB,Lionheart (2018 Remaster),10,1978-11-12

78MH4eNBtYQcZwiB9y5aQ5,Live 1978–1992,64,2024-01-19
3ZhilC8BGSZOSydzsDcVfE,On the Night,10,1993-05-10
0ORgLm6BMFVpLGS4Q5SKMZ,On Every Street (Remaster),12,1991-09-10
4qtMQSCoDtgCbqAcEZr6Mx,Money For Nothing (2022 Remaster),12,1988-00-00
7jvcSnCnugLcisBCNBm60s,Brothers in Arms,9,1985-05-13
3Iz3o8owPasr8PKUSZPqD5,Love Over Gold,5,1982-09-20
7yTjsInNdNQJAlXAboi1nh,Making Movies,7,1980-10-17
6HEOoO8aHq5M88OA4teVY1,Communiqué,9,1979-06-15
4dKdxly4ji1vfl7sEYuqBe,Dire Straits,9,1978-10-07
2EH88OaRTJkA17hODypgNP,Heavy Fuel,3,1991-09-15

1DGMD70zay4ZtN9XLX0uY4,The Traveling Wilburys, Vol. 3,11,1990-10-29
7K3OJcdtRxv7miXfQBzvbi,The Traveling Wilburys, Vol. 1,10,1988-10-18
4Qqey3tSd9AaThQRTR2Ydi,The Traveling Wilburys Collection,25,2007-06-11
1tclBaOSAWq4S9akKx7Ij9,Striking Tunes Vol 7,37,2023-06-07
5gifZJsOT5do8EoVPGY9qW,80s Rock Standards,40,2023-10-26
6cWLLB1HeIiWrcKET0Qo2R,Mix: Rock Para Conducir,30,2023-09-29
23rEPZuRjMQuwq08MPtzud,All-Time Rock Summer Hits,30,2023-07-07
49CEgXzptrdxzXMkwSJTPo,Happy Blues Classics,21,2022-08-09
1pdXijbmnhrnUJD0kvelr2,Road Trip,32,2023-11-14
2Y0IMxRuc8ZYzCXFzgnif3,Rock de los 80s,31,2023-11-10

1hngVRZt95TrqPqXoJzQ4A,And In The Darkness, Hearts Aglow,10,2022-11-18
0Cuqhgy8vm96JEkBY3polk,Titanic Rising,10,2019-04-05
5cRCu8CJjvtlhQCzMLzB9b,Front Row Seat to Earth,9,2016-10-21
3mF47PyyBA8xYfJeHX2fkJ,The Innocents,10,2014-10-21
76pY3I2wVcqxXSDJehYC3T,The Outside Room,6,2011-05-10
3rxjw1Di3SRicz2Z4eE4Pb,Butterfly Net (feat. Weyes Blood),1,2024-02-07
2jtS6nClybdLMxomuy8je9,You're No Good (From 'Minions: The Rise of Gru' Soundtrack),1,2022-07-01
1uTol2kamZNpGuH8eSGJC2,Titanic Risen,1,2021-04-04
4sZmMxrfujVWfFtYk6tfXH,Holocene [feat. Weyes Blood],1,2021-02-05
1uf2QzkWBAiZu0rGktnwrn,Rough Trade Session,4,2019-10-22

4jyoqlm5IeS7YI0yW2EWlp,The 1968 Tapes,7,2024-11-29
4zzJnmprSiRZQ1S36yLadx,Jazz Sabbath, Vol. 2,7,2022-04-22
19i0r1gPdmPUuUwsPfQ8bM,Jazz Sabbath,7,2020-04-10
1XNAlgWrrdhOZ50MTJICTu,Supernaut,1,2024-09-06
2LqC0OvBWETtx54wTZktcw,Orchid,1,2023-04-30
2wHqV5aGw1SEljUFmP8sdV,Black Sabbath,1,2022-01-28
77KIykp67d67SEr9XeRdt2,Iron Man (Live in London 1968),1,2021-04-30

0W5woeQnfOZmVLSbggRRlR,Brat and it’s completely different but also still brat,35,2024-10-14
316O0Xetgx2NJLRgJBw4uq,Brat and it’s the same but there’s three more songs so it’s not,18,2024-06-10
2lIZef4lzdvZkiiCzvPKj7,BRAT,15,2024-06-07
3lb7EyEcWhZOK0SpZ2dNpn,CRASH (Deluxe),16,2022-03-25
1QqipMXWzJhr6yfcNKTp8B,CRASH,12,2022-03-18
3a9qH2VEsSiOZvMrjaS0Nu,how i'm feeling now,11,2020-05-15
386IqvSuljaZsMjwDGGdLj,Charli,15,2019-09-13
2HIwUmdxEl7SeWa1ndH5wC,Pop 2,10,2017-12-15
37rI2gAtakAmSFtbIE9THq,Number 1 Angel,10,2017-03-10
5Ws5ktkIUJFpaIImvH3tYU,SUCKER,15,2014-12-15

2kX3enxQiHLTtuNwIXZMXU,SOPHIE,16,2024-09-25
04N5ZJ3wvbkb2QmkO90HUZ,OIL OF EVERY PEARL'S UN-INSIDES NON-STOP REMIX ALBUM,25,2019-09-06
6Rv8V4QeLgfEC01czqJsiI,OIL OF EVERY PEARL'S UN-INSIDES,9,2017-06-14
1xvKZrXhgF6s4frK5Qb6r5,My Forever (feat. Cecile Believe),1,2024-09-24
2hRxMeM5JeYjHLjGRrQ3lL,Exhilarate (feat. Bibi Bourelly),1,2024-08-28
6IUU2MGfGp4z0gfMljs0pz,One More Time (feat. Popstar),1,2024-07-24
1Ki212TBrb125zZ1S05rNG,Berlin Nightmare (feat. Evita Manji),1,2024-07-23
4kepJ3GktWe5ijlknpPN88,Reason Why (feat. Kim Petras and BC Kingdom),1,2024-06-24
7lQaDQVfZphQDGCi8Vu1Y0,UNISIL,1,2021-01-28
6gbZRfEsgrddPqFXXf0rqk,BIPP (Autechre Mx),1,2021-01-14

5ePLaqSwndgkUjFrndNyIn,Milk & Kisses (2024 Remaster),10,2024-01-12
2xWjRAaO5qYhsJSxmJp1IK,Milk & Kisses,10,1996-03-00
4ZlAdQ5sx5I4HOjVV198FB,Four-Calendar Café,10,1993-10-18
5lEphbceIgaK1XxWeSrC9E,Heaven or Las Vegas,10,1990-09-17
3SXCY4kFMM4T4egq5DSUTa,Blue Bell Knoll,10,1988-09-19
5v2I3i4RPD8T1XV0pjvPNo,The Moon and the Melodies,8,1986-11-10
6dFmNBt5ZLbaqf7PCtuvUv,Victorialand,9,1986-04-14
7ssrkaAkcmqRno7FUADrA3,The Pink Opaque,10,1986-01-13
3qEiWhSF2HO1NhVJVsGyZm,The Moon and the Melodies (2024 Remaster),8,1986-00-00
7pBPB9vwqCMLKNmUCK4k62,Treasure,10,1984-11-01

4EnyieO7M1vFAIjDLQekN1,Angels,30,2025-04-12
5Av0QCpfv2upRVIKliiflP,Sacred Sound Therapy for Relaxation,8,2025-04-04
6GzPpoq4yDIqQPdTOBlg8V,Serene Soundscapes for Deep Tranquility,10,2025-03-28
5TAs1avfvV23PbhRfPWcyH,Sacred Prayer Meditations,12,2025-03-21
6CcfjJHsBkPmCbEofHZpnR,Meditation for the Soul,12,2025-03-14
6aqgRm7SXUa61QW6AbqnTi,Tranquil Energy Flow for Stress Relief,11,2025-03-07
35Eh3s5wT4nzoZlL9aP7os,5,11,2003-01-01
44k1lpzi6bQHy4sC9KYgyO,Spiritual Spiritual,12,2001-01-01
67DmHEmzOIf6t3tu2bXNxT,iFiesta Fatal!,11,1994-06-01
6BQfKZNbJCstntXFLpHCjy,Depth Of Silence,2,2025-04-11

3HBGgYWE7xjSRpa4rV89IC,101, Milky Way,13,2024-11-15
2T6vbpfG0zp0v8tWCG80Io,Deus Arrakis,16,2022-07-01
6E39JQS92y8L5GwDMsSjpI,Next of Kin (Music from the Motion Picture Soundtrack),13,2019-05-17
6WL5CbmiIVoGPbdpdp8st7,Silhouettes,4,2018-05-25
3q9jgbzhUYstxNciOI6MGP,The Crime of Suspense,5,2017-11-24
6xV2N4ZHbWdAugtoJQHyTX,Vanity of Sounds,4,2017-09-29
3fUsSdZdYTktSn357h1sOb,Eternal - The 70th Birthday Edition,6,2017-08-25
7xayLLAa0OmJXOvv1gyMSH,Ultimate Docking,7,2017-06-30
1h9XMPlpCjXB1eMIbguKuy,Das Wagner Desaster (Live),7,2016-08-26
3tmcuEDqoyUz05ITcZZMrW,The Dark Side of the Moog (Live Jazzfestival Hamburg 23.04.1999),2,2016-08-19

3jEjrnh3xktrhXWwsYXGid,Only You,20,2018-04-27
4reTjBQZgtbAhInLnvSgu5,Reconnected Live,20,2010-09-27
2R2ayUdwlcamdEKFJD5BZu,You And Me Both,11,1983-07-20
47FOg0GaQDPGTbBTHDXg9V,Upstairs At Eric's,11,1982-00-00
6XyN4us9O9PbKcfytfSFha,Situation,2,2019-06-07
5t97D6Znk59uyrSPIOrD5P,The Best Of,15,1999-09-03
74DsieRuuQhILbO0Y4DFxE,Last Night A Dj Saved My Life,1,2014-10-23
0mkiv82JsJThCXlPsBodWg,Don't Go (Yazoo Remix),1,2019-08-18
65FbZX69i79OBEBXZXnqv3,Synth Pop Party,30,2018-02-07
355boOTsOKP4EghA9QkSRF,Future Retro,14,2005-11-01

4cmjOcLYToOyrWQ2aOSwY6,Nil By Mouth 6,11,2025-03-21
2vmkFX6qjX09STLijlMurn,Private View,10,2022-09-30
5uXra2rU1hdnnNHLklzkR3,Nil By Mouth 4 & 5,21,2022-00-00
1mR9zGZCqMPQWlXYX5zs1U,Nil by Mouth 3,12,2021-10-15
6Wt00DtFctEcKhQnxtMt1u,Waiting Room, Vol. 1,10,2021-10-08
3XXnq5ZEfUMnLBTnZirslu,Expanded Mindset,10,2021-10-08
2eRlzUEBTR1jejeVowzB3j,Commercial Break,11,2021-09-24
5GgirSEzxjFxYKFPlxZ95a,Mindset,10,2020-06-05
4VNucbO39RzVriqzukMpzK,Nil by Mouth 2,14,2020-03-27
2DkP1kyhJhWx3iszTMpXrH,Wanderlust,10,2018-10-19

