50YNY0xy9uJ0U9eFQBdLJa,0nmQIMXWTXfhgOBdNzhGOs
7pb9ZipjQRimTjYOZpZ8lk,0nmQIMXWTXfhgOBdNzhGOs
6VcCunBnnw4BVkCit5rk7d,0nmQIMXWTXfhgOBdNzhGOs
0OJ2cB135AqvHEtfXifM5D,0nmQIMXWTXfhgOBdNzhGOs
0vINJeraREv5ySgWs57Dko,0nmQIMXWTXfhgOBdNzhGOs
0Qm2vu5VZp2MKLb6yTxSgT,0nmQIMXWTXfhgOBdNzhGOs
6V3hjAUhRZU5aLeNNxTOUo,0nmQIMXWTXfhgOBdNzhGOs
0ks45m1bsP2JsZpM5D2FFA,0nmQIMXWTXfhgOBdNzhGOs
7vfuTRXIAYJz5Uc8SddnTr,0nmQIMXWTXfhgOBdNzhGOs
3Id3VUk9jSKBD1guNo1buF,0nmQIMXWTXfhgOBdNzhGOs
7acEciVtnuTzmwKptkjth5,2yEwvVSSSUkcLeSTNyHKh8
1fvWYcbjuycyHpzNPH1Vfk,2yEwvVSSSUkcLeSTNyHKh8
5l5m1hnH4punS1GQXgEi3T,2yEwvVSSSUkcLeSTNyHKh8
6yWMN087PgSimbcVmHLEwG,2yEwvVSSSUkcLeSTNyHKh8
3Esn6LoXuWtLZNYq8FCzr0,2yEwvVSSSUkcLeSTNyHKh8
13sWe0tYKenwLd2t25bHIi,2yEwvVSSSUkcLeSTNyHKh8
6ZuGioRryrgXjmhdW14jel,2yEwvVSSSUkcLeSTNyHKh8
5gizwaBQyfZYTEb8zdL7Z6,3RNrq3jvMZxD9ZyoOZbQOD
4fN6xfIrXPX8SMgcFU4A6h,3RNrq3jvMZxD9ZyoOZbQOD
7J0BUlxogdpZAtuZnhomb0,3RNrq3jvMZxD9ZyoOZbQOD
6mWsWVsfWpoZ2d6uxm1ND1,3RNrq3jvMZxD9ZyoOZbQOD
0UGqqYIWXAD1FgrDI1zOjh,3RNrq3jvMZxD9ZyoOZbQOD
29QP2RwZwRY9mAYWmYcH3T,3RNrq3jvMZxD9ZyoOZbQOD
6TA5d51wosfWuZXyOKWzpG,3RNrq3jvMZxD9ZyoOZbQOD
3ARqpnmjMB5O8uihXOOxbW,3RNrq3jvMZxD9ZyoOZbQOD
4a6B5VTaWSw0xRQsEtNX39,3RNrq3jvMZxD9ZyoOZbQOD
2WuADVcxasM1VvDfnwiACn,3RNrq3jvMZxD9ZyoOZbQOD
3hWTXO0w02D6YpVRyLRmQz,05fG473iIaoy82BF1aGhL8
754RY5WpZ2LTUZsk8kDBju,05fG473iIaoy82BF1aGhL8
09pLzub9F2asXde8dH2UDN,05fG473iIaoy82BF1aGhL8
0ApKaazNHf0gzjAYZauexq,05fG473iIaoy82BF1aGhL8
2dL9Q5AtIv4Rw1L6lKcIUc,05fG473iIaoy82BF1aGhL8
0hFWapnP7orzXCMwNU5DuA,05fG473iIaoy82BF1aGhL8
2ISXjEm0D4chvU2IDNvUqk,05fG473iIaoy82BF1aGhL8
2rdXvZY0IkT1TPuA8SKTix,05fG473iIaoy82BF1aGhL8
4ZDBQSIDIZRUBOG2OHcN3T,05fG473iIaoy82BF1aGhL8
5Zs0mNCTs73CqPKbZPWFX9,05fG473iIaoy82BF1aGhL8
4R6FV9NSzhPihHR0h4pI93,6XyY86QOPPrYVGvF9ch6wz
7qKEQkRXySP0rhjtXJksfg,6XyY86QOPPrYVGvF9ch6wz
1x6p39FFIESOq8q8B4oQXN,6XyY86QOPPrYVGvF9ch6wz
494aUGKXMH5ruXtR3O1a3H,6XyY86QOPPrYVGvF9ch6wz
1X472EvsSqH09RyrqbtyXU,6XyY86QOPPrYVGvF9ch6wz
3Q9wXhEAX7NYCPP0hxIuDz,6XyY86QOPPrYVGvF9ch6wz
28DUZ0itKISf2sr6hlseMy,6XyY86QOPPrYVGvF9ch6wz
0zcNtUZ2oEpRmiDuWBFvcX,6XyY86QOPPrYVGvF9ch6wz
5Eevxp2BCbWq25ZdiXRwYd,6XyY86QOPPrYVGvF9ch6wz
6hU9JCoqq4GjYq86dQ1o9b,6XyY86QOPPrYVGvF9ch6wz
3QxX3NbWyLlLG6lP1xveL3,5eAWCfyUhZtHHtBdNk56l1
0cn6MHyx4YuZauaB7Pb66o,5eAWCfyUhZtHHtBdNk56l1
6lA1sGw7eCv27bcpd5E0wT,5eAWCfyUhZtHHtBdNk56l1
6jWde94ln40epKIQCd8XUh,5eAWCfyUhZtHHtBdNk56l1
3sSfjX4fhZonjyZ10x0l0f,5eAWCfyUhZtHHtBdNk56l1
00OQIrRjQgZmacSnjK8L7M,5eAWCfyUhZtHHtBdNk56l1
0g7rLswEejduKye2DF7EfI,5eAWCfyUhZtHHtBdNk56l1
34ZNizx7MgcKWtlj8FTbJO,5eAWCfyUhZtHHtBdNk56l1
4dE7p4ZMRkx3yOjDWILwl8,5eAWCfyUhZtHHtBdNk56l1
5PIDHpTCc6iT5WM2JZzFKu,0LyfQWJT6nXafLPZqxe9Of
1EozAc4lNqwMvlAhEEXk6w,6B5c4sch27tWHAGdarpPaW
3NOgXaB6tvmz3fMvicppdK,6B5c4sch27tWHAGdarpPaW
4ltVQJH0zbxhFYnwx56qIh,6B5c4sch27tWHAGdarpPaW
61fYGxrlD51FLZGWSlX68q,6B5c4sch27tWHAGdarpPaW
3v3EelZGtSQU2nw6kw8aNk,6B5c4sch27tWHAGdarpPaW
1PZeA9jMCysl7hPkVRehZ2,6B5c4sch27tWHAGdarpPaW
13lnqlgmaRHQF54C9iiOWO,6B5c4sch27tWHAGdarpPaW
2CbMgWfTfT4n80PjrDkbbt,6B5c4sch27tWHAGdarpPaW
4tCocFTR2QupxCkk9EMY58,6B5c4sch27tWHAGdarpPaW
06GBUPJJk11dHKJ33jWmCc,6B5c4sch27tWHAGdarpPaW
50nlMmLmdig3A8Otqja9re,6P7H3ai06vU1sGvdpBwDmE
1BSVyUNntttBSCsp6ABMy7,6P7H3ai06vU1sGvdpBwDmE
1BSVyUNntttBSCsp6ABMy7,7Ga404k4zEweLxPtX0Ghma
1IZfi926sBgCgvIwIS2rcS,6P7H3ai06vU1sGvdpBwDmE
2MJc2N3eFVT0ZabBN4zc32,6P7H3ai06vU1sGvdpBwDmE
66rBZ848b4aO0hCJQF6GGc,6P7H3ai06vU1sGvdpBwDmE
6FRN2BwvClQEMsG2I4Cofb,6P7H3ai06vU1sGvdpBwDmE
1hOK2ey9W76x9GnftSRgrw,6P7H3ai06vU1sGvdpBwDmE
1Sur33x6g7tvdd9GQnHhhu,6P7H3ai06vU1sGvdpBwDmE
12N6IsuqIJzbTXdIrJnc9b,6P7H3ai06vU1sGvdpBwDmE
4XfN871nBIz6obaUDEzZXm,6P7H3ai06vU1sGvdpBwDmE
0NAzQ4QXcT7UaNbD3HyK9J,1aSxMhuvixZ8h9dK9jIDwL
6c9t945C47iVugLeWj0bmJ,1aSxMhuvixZ8h9dK9jIDwL
2hEABkLV0GYiOwMOMThxzO,1aSxMhuvixZ8h9dK9jIDwL
6EK8l8rFuMpAn27TNOCwsH,1aSxMhuvixZ8h9dK9jIDwL
27TbJTUMdvnorsqXZzVQP6,1aSxMhuvixZ8h9dK9jIDwL
5EyDvOit9McsAc9ao1QROt,1aSxMhuvixZ8h9dK9jIDwL
1ww8GdNvrF0dgJbrnVZmAr,1aSxMhuvixZ8h9dK9jIDwL
2cRwYvvGigsHqk63ZGfuI2,1aSxMhuvixZ8h9dK9jIDwL
7uNjeNs5AmDqZHzIbyPkZH,1aSxMhuvixZ8h9dK9jIDwL
02b8Jb4tkLxVtPWh0QfQKB,1aSxMhuvixZ8h9dK9jIDwL
78MH4eNBtYQcZwiB9y5aQ5,0WwSkZ7LtFUFjGjMZBMt6T
3ZhilC8BGSZOSydzsDcVfE,0WwSkZ7LtFUFjGjMZBMt6T
0ORgLm6BMFVpLGS4Q5SKMZ,0WwSkZ7LtFUFjGjMZBMt6T
4qtMQSCoDtgCbqAcEZr6Mx,0WwSkZ7LtFUFjGjMZBMt6T
7jvcSnCnugLcisBCNBm60s,0WwSkZ7LtFUFjGjMZBMt6T
3Iz3o8owPasr8PKUSZPqD5,0WwSkZ7LtFUFjGjMZBMt6T
7yTjsInNdNQJAlXAboi1nh,0WwSkZ7LtFUFjGjMZBMt6T
6HEOoO8aHq5M88OA4teVY1,0WwSkZ7LtFUFjGjMZBMt6T
4dKdxly4ji1vfl7sEYuqBe,0WwSkZ7LtFUFjGjMZBMt6T
2EH88OaRTJkA17hODypgNP,0WwSkZ7LtFUFjGjMZBMt6T
1DGMD70zay4ZtN9XLX0uY4,2hO4YtXUFJiUYS2uYFvHNK
7K3OJcdtRxv7miXfQBzvbi,2hO4YtXUFJiUYS2uYFvHNK
4Qqey3tSd9AaThQRTR2Ydi,2hO4YtXUFJiUYS2uYFvHNK
1tclBaOSAWq4S9akKx7Ij9,0LyfQWJT6nXafLPZqxe9Of
5gifZJsOT5do8EoVPGY9qW,0LyfQWJT6nXafLPZqxe9Of
6cWLLB1HeIiWrcKET0Qo2R,0LyfQWJT6nXafLPZqxe9Of
23rEPZuRjMQuwq08MPtzud,0LyfQWJT6nXafLPZqxe9Of
49CEgXzptrdxzXMkwSJTPo,0LyfQWJT6nXafLPZqxe9Of
1pdXijbmnhrnUJD0kvelr2,0LyfQWJT6nXafLPZqxe9Of
2Y0IMxRuc8ZYzCXFzgnif3,0LyfQWJT6nXafLPZqxe9Of
1hngVRZt95TrqPqXoJzQ4A,3Uqu1mEdkUJxPe7s31n1M9
0Cuqhgy8vm96JEkBY3polk,3Uqu1mEdkUJxPe7s31n1M9
5cRCu8CJjvtlhQCzMLzB9b,3Uqu1mEdkUJxPe7s31n1M9
3mF47PyyBA8xYfJeHX2fkJ,3Uqu1mEdkUJxPe7s31n1M9
76pY3I2wVcqxXSDJehYC3T,3Uqu1mEdkUJxPe7s31n1M9
3rxjw1Di3SRicz2Z4eE4Pb,4Ge8xMJNwt6EEXOzVXju9a
3rxjw1Di3SRicz2Z4eE4Pb,3Uqu1mEdkUJxPe7s31n1M9
2jtS6nClybdLMxomuy8je9,3Uqu1mEdkUJxPe7s31n1M9
1uTol2kamZNpGuH8eSGJC2,3Uqu1mEdkUJxPe7s31n1M9
4sZmMxrfujVWfFtYk6tfXH,100sLnojEpcadRx4edEBA6
4sZmMxrfujVWfFtYk6tfXH,3Uqu1mEdkUJxPe7s31n1M9
1uf2QzkWBAiZu0rGktnwrn,3Uqu1mEdkUJxPe7s31n1M9
4jyoqlm5IeS7YI0yW2EWlp,59dGdCSieplkG6HWFQbyYB
4zzJnmprSiRZQ1S36yLadx,59dGdCSieplkG6HWFQbyYB
19i0r1gPdmPUuUwsPfQ8bM,59dGdCSieplkG6HWFQbyYB
1XNAlgWrrdhOZ50MTJICTu,59dGdCSieplkG6HWFQbyYB
2LqC0OvBWETtx54wTZktcw,59dGdCSieplkG6HWFQbyYB
2wHqV5aGw1SEljUFmP8sdV,59dGdCSieplkG6HWFQbyYB
77KIykp67d67SEr9XeRdt2,59dGdCSieplkG6HWFQbyYB
0W5woeQnfOZmVLSbggRRlR,25uiPmTg16RbhZWAqwLBy5
316O0Xetgx2NJLRgJBw4uq,25uiPmTg16RbhZWAqwLBy5
2lIZef4lzdvZkiiCzvPKj7,25uiPmTg16RbhZWAqwLBy5
3lb7EyEcWhZOK0SpZ2dNpn,25uiPmTg16RbhZWAqwLBy5
1QqipMXWzJhr6yfcNKTp8B,25uiPmTg16RbhZWAqwLBy5
3a9qH2VEsSiOZvMrjaS0Nu,25uiPmTg16RbhZWAqwLBy5
386IqvSuljaZsMjwDGGdLj,25uiPmTg16RbhZWAqwLBy5
2HIwUmdxEl7SeWa1ndH5wC,25uiPmTg16RbhZWAqwLBy5
37rI2gAtakAmSFtbIE9THq,25uiPmTg16RbhZWAqwLBy5
5Ws5ktkIUJFpaIImvH3tYU,25uiPmTg16RbhZWAqwLBy5
2kX3enxQiHLTtuNwIXZMXU,5a2w2tgpLwv26BYJf2qYwu
04N5ZJ3wvbkb2QmkO90HUZ,5a2w2tgpLwv26BYJf2qYwu
6Rv8V4QeLgfEC01czqJsiI,5a2w2tgpLwv26BYJf2qYwu
1xvKZrXhgF6s4frK5Qb6r5,5a2w2tgpLwv26BYJf2qYwu
1xvKZrXhgF6s4frK5Qb6r5,0nZHjqvdLoBy50ZzUH5FNU
2hRxMeM5JeYjHLjGRrQ3lL,5a2w2tgpLwv26BYJf2qYwu
6IUU2MGfGp4z0gfMljs0pz,5a2w2tgpLwv26BYJf2qYwu
6IUU2MGfGp4z0gfMljs0pz,5eyBd6IpSj8pNySFhx9vZy
1Ki212TBrb125zZ1S05rNG,5a2w2tgpLwv26BYJf2qYwu
1Ki212TBrb125zZ1S05rNG,3GJYQIEbjMlGeo4eXP8xqk
4kepJ3GktWe5ijlknpPN88,5a2w2tgpLwv26BYJf2qYwu
4kepJ3GktWe5ijlknpPN88,3Xt3RrJMFv5SZkCfUE8C1J
4kepJ3GktWe5ijlknpPN88,7HVp0RVFZQBU8NJFZHe7vP
7lQaDQVfZphQDGCi8Vu1Y0,5a2w2tgpLwv26BYJf2qYwu
6gbZRfEsgrddPqFXXf0rqk,5a2w2tgpLwv26BYJf2qYwu
5ePLaqSwndgkUjFrndNyIn,5Wabl1lPdNOeIn0SQ5A1mp
2xWjRAaO5qYhsJSxmJp1IK,5Wabl1lPdNOeIn0SQ5A1mp
4ZlAdQ5sx5I4HOjVV198FB,5Wabl1lPdNOeIn0SQ5A1mp
5lEphbceIgaK1XxWeSrC9E,5Wabl1lPdNOeIn0SQ5A1mp
3SXCY4kFMM4T4egq5DSUTa,5Wabl1lPdNOeIn0SQ5A1mp
5v2I3i4RPD8T1XV0pjvPNo,5Wabl1lPdNOeIn0SQ5A1mp
5v2I3i4RPD8T1XV0pjvPNo,3uOCouLFR4bVx0XeiQJSbl
6dFmNBt5ZLbaqf7PCtuvUv,5Wabl1lPdNOeIn0SQ5A1mp
7ssrkaAkcmqRno7FUADrA3,5Wabl1lPdNOeIn0SQ5A1mp
3qEiWhSF2HO1NhVJVsGyZm,5Wabl1lPdNOeIn0SQ5A1mp
3qEiWhSF2HO1NhVJVsGyZm,3uOCouLFR4bVx0XeiQJSbl
7pBPB9vwqCMLKNmUCK4k62,5Wabl1lPdNOeIn0SQ5A1mp
4EnyieO7M1vFAIjDLQekN1,5wAYxVWrOqP8vGrsSmfNnk
5Av0QCpfv2upRVIKliiflP,3TV3tNCQ2sbkaCZd0PYAER
5Av0QCpfv2upRVIKliiflP,541eBJUCW90Xl14ZnJlvWw
5Av0QCpfv2upRVIKliiflP,5wAYxVWrOqP8vGrsSmfNnk
6GzPpoq4yDIqQPdTOBlg8V,3TV3tNCQ2sbkaCZd0PYAER
6GzPpoq4yDIqQPdTOBlg8V,541eBJUCW90Xl14ZnJlvWw
6GzPpoq4yDIqQPdTOBlg8V,5wAYxVWrOqP8vGrsSmfNnk
5TAs1avfvV23PbhRfPWcyH,3TV3tNCQ2sbkaCZd0PYAER
5TAs1avfvV23PbhRfPWcyH,541eBJUCW90Xl14ZnJlvWw
5TAs1avfvV23PbhRfPWcyH,5wAYxVWrOqP8vGrsSmfNnk
6CcfjJHsBkPmCbEofHZpnR,3TV3tNCQ2sbkaCZd0PYAER
6CcfjJHsBkPmCbEofHZpnR,541eBJUCW90Xl14ZnJlvWw
6CcfjJHsBkPmCbEofHZpnR,5wAYxVWrOqP8vGrsSmfNnk
6aqgRm7SXUa61QW6AbqnTi,3TV3tNCQ2sbkaCZd0PYAER
6aqgRm7SXUa61QW6AbqnTi,541eBJUCW90Xl14ZnJlvWw
6aqgRm7SXUa61QW6AbqnTi,5wAYxVWrOqP8vGrsSmfNnk
35Eh3s5wT4nzoZlL9aP7os,5wAYxVWrOqP8vGrsSmfNnk
44k1lpzi6bQHy4sC9KYgyO,5wAYxVWrOqP8vGrsSmfNnk
67DmHEmzOIf6t3tu2bXNxT,5wAYxVWrOqP8vGrsSmfNnk
6BQfKZNbJCstntXFLpHCjy,5wAYxVWrOqP8vGrsSmfNnk
6BQfKZNbJCstntXFLpHCjy,7Mf91RZQ8YcvY0p3DfMc0f
6BQfKZNbJCstntXFLpHCjy,7hzKP1hXyLy33PWZVQMVaI
3HBGgYWE7xjSRpa4rV89IC,3U2U4TR03ZuStsizrv0EJB
2T6vbpfG0zp0v8tWCG80Io,3U2U4TR03ZuStsizrv0EJB
6E39JQS92y8L5GwDMsSjpI,3U2U4TR03ZuStsizrv0EJB
6WL5CbmiIVoGPbdpdp8st7,3U2U4TR03ZuStsizrv0EJB
3q9jgbzhUYstxNciOI6MGP,3U2U4TR03ZuStsizrv0EJB
6xV2N4ZHbWdAugtoJQHyTX,3U2U4TR03ZuStsizrv0EJB
3fUsSdZdYTktSn357h1sOb,3U2U4TR03ZuStsizrv0EJB
7xayLLAa0OmJXOvv1gyMSH,3U2U4TR03ZuStsizrv0EJB
7xayLLAa0OmJXOvv1gyMSH,60KyMHvdWl7jV5DubYGr5f
1h9XMPlpCjXB1eMIbguKuy,3U2U4TR03ZuStsizrv0EJB
3tmcuEDqoyUz05ITcZZMrW,3U2U4TR03ZuStsizrv0EJB
3jEjrnh3xktrhXWwsYXGid,1G1mX30GpUJqOr1QU2eBSs
4reTjBQZgtbAhInLnvSgu5,1G1mX30GpUJqOr1QU2eBSs
2R2ayUdwlcamdEKFJD5BZu,1G1mX30GpUJqOr1QU2eBSs
47FOg0GaQDPGTbBTHDXg9V,1G1mX30GpUJqOr1QU2eBSs
6XyN4us9O9PbKcfytfSFha,1G1mX30GpUJqOr1QU2eBSs
5t97D6Znk59uyrSPIOrD5P,1G1mX30GpUJqOr1QU2eBSs
74DsieRuuQhILbO0Y4DFxE,50xejJlMNloQ4PUB7lGP9h
0mkiv82JsJThCXlPsBodWg,669M5P4lRIl7SrZWDsMfRf
65FbZX69i79OBEBXZXnqv3,0LyfQWJT6nXafLPZqxe9Of
355boOTsOKP4EghA9QkSRF,0LyfQWJT6nXafLPZqxe9Of
4cmjOcLYToOyrWQ2aOSwY6,3LtBdgNHdH0Ix8hCFZ4NJG
2vmkFX6qjX09STLijlMurn,3LtBdgNHdH0Ix8hCFZ4NJG
5uXra2rU1hdnnNHLklzkR3,3LtBdgNHdH0Ix8hCFZ4NJG
1mR9zGZCqMPQWlXYX5zs1U,3LtBdgNHdH0Ix8hCFZ4NJG
6Wt00DtFctEcKhQnxtMt1u,3LtBdgNHdH0Ix8hCFZ4NJG
3XXnq5ZEfUMnLBTnZirslu,3LtBdgNHdH0Ix8hCFZ4NJG
2eRlzUEBTR1jejeVowzB3j,3LtBdgNHdH0Ix8hCFZ4NJG
5GgirSEzxjFxYKFPlxZ95a,3LtBdgNHdH0Ix8hCFZ4NJG
4VNucbO39RzVriqzukMpzK,3LtBdgNHdH0Ix8hCFZ4NJG
2DkP1kyhJhWx3iszTMpXrH,3LtBdgNHdH0Ix8hCFZ4NJG
