0nmQIMXWTXfhgOBdNzhGOs,metal
0nmQIMXWTXfhgOBdNzhGOs,alternative metal
0nmQIMXWTXfhgOBdNzhGOs,heavy metal
0nmQIMXWTXfhgOBdNzhGOs,rock
2yEwvVSSSUkcLeSTNyHKh8,progressive metal
2yEwvVSSSUkcLeSTNyHKh8,alternative metal
2yEwvVSSSUkcLeSTNyHKh8,progressive rock
2yEwvVSSSUkcLeSTNyHKh8,metal
3RNrq3jvMZxD9ZyoOZbQOD,nu metal
3RNrq3jvMZxD9ZyoOZbQOD,metal
3RNrq3jvMZxD9ZyoOZbQOD,rap metal
3RNrq3jvMZxD9ZyoOZbQOD,alternative metal
05fG473iIaoy82BF1aGhL8,nu metal
05fG473iIaoy82BF1aGhL8,metal
05fG473iIaoy82BF1aGhL8,alternative metal
05fG473iIaoy82BF1aGhL8,rap metal
05fG473iIaoy82BF1aGhL8,heavy metal
6XyY86QOPPrYVGvF9ch6wz,nu metal
6XyY86QOPPrYVGvF9ch6wz,rap metal
6XyY86QOPPrYVGvF9ch6wz,rock
6XyY86QOPPrYVGvF9ch6wz,alternative metal
5eAWCfyUhZtHHtBdNk56l1,nu metal
5eAWCfyUhZtHHtBdNk56l1,metal
5eAWCfyUhZtHHtBdNk56l1,alternative metal
5eAWCfyUhZtHHtBdNk56l1,rap metal
5eAWCfyUhZtHHtBdNk56l1,rock
6B5c4sch27tWHAGdarpPaW,post-grunge
6B5c4sch27tWHAGdarpPaW,alternative metal
6B5c4sch27tWHAGdarpPaW,rock
6P7H3ai06vU1sGvdpBwDmE,classic rock
1aSxMhuvixZ8h9dK9jIDwL,art pop
1aSxMhuvixZ8h9dK9jIDwL,baroque pop
1aSxMhuvixZ8h9dK9jIDwL,art rock
0WwSkZ7LtFUFjGjMZBMt6T,classic rock
3Uqu1mEdkUJxPe7s31n1M9,art pop
3Uqu1mEdkUJxPe7s31n1M9,baroque pop
3Uqu1mEdkUJxPe7s31n1M9,chamber pop
59dGdCSieplkG6HWFQbyYB,jazz
59dGdCSieplkG6HWFQbyYB,jazz fusion
25uiPmTg16RbhZWAqwLBy5,hyperpop
25uiPmTg16RbhZWAqwLBy5,art pop
5a2w2tgpLwv26BYJf2qYwu,hyperpop
5a2w2tgpLwv26BYJf2qYwu,art pop
5a2w2tgpLwv26BYJf2qYwu,experimental
5Wabl1lPdNOeIn0SQ5A1mp,shoegaze
5Wabl1lPdNOeIn0SQ5A1mp,dream pop
5Wabl1lPdNOeIn0SQ5A1mp,post-punk
5wAYxVWrOqP8vGrsSmfNnk,new age
3U2U4TR03ZuStsizrv0EJB,krautrock
3U2U4TR03ZuStsizrv0EJB,space music
3U2U4TR03ZuStsizrv0EJB,ambient
3U2U4TR03ZuStsizrv0EJB,new age
3U2U4TR03ZuStsizrv0EJB,space rock
1G1mX30GpUJqOr1QU2eBSs,synthpop
1G1mX30GpUJqOr1QU2eBSs,new wave
3LtBdgNHdH0Ix8hCFZ4NJG,synthpop
3LtBdgNHdH0Ix8hCFZ4NJG,new wave
