0nmQIMXWTXfhgOBdNzhGOs,Avenged Sevenfold
2yEwvVSSSUkcLeSTNyHKh8,TOOL
3RNrq3jvMZxD9ZyoOZbQOD,Korn
05fG473iIaoy82BF1aGhL8,Slipknot
6XyY86QOPPrYVGvF9ch6wz,Linkin Park
5eAWCfyUhZtHHtBdNk56l1,System Of A Down
6B5c4sch27tWHAGdarpPaW,Seether
6P7H3ai06vU1sGvdpBwDmE,Steely Dan
1aSxMhuvixZ8h9dK9jIDwL,Kate Bush
0WwSkZ7LtFUFjGjMZBMt6T,Dire Straits
2hO4YtXUFJiUYS2uYFvHNK,Traveling Wilburys
3Uqu1mEdkUJxPe7s31n1M9,Weyes Blood
59dGdCSieplkG6HWFQbyYB,Jazz Sabbath
25uiPmTg16RbhZWAqwLBy5,Charli xcx
5a2w2tgpLwv26BYJf2qYwu,SOPHIE
5Wabl1lPdNOeIn0SQ5A1mp,Cocteau Twins
5wAYxVWrOqP8vGrsSmfNnk,B-Tribe
3U2U4TR03ZuStsizrv0EJB,Klaus Schulze
1G1mX30GpUJqOr1QU2eBSs,Yazoo
3LtBdgNHdH0Ix8hCFZ4NJG,Blancmange
